data;id;command
2020-06-05;503174223;/pidor_stat
2020-06-05;503174223;/pussy
2020-06-05;503174223;/help
2020-06-05;503174223;/pussy
2020-06-05;902459949;/pussy
2020-06-05;621270503;/pussy
2020-06-05;503174223;—Å—Ç–∞—Ç–∏—Å—Ç–∏–∫–∞ 1 –ø–æ–ª—å–∑–æ–≤–∞—Ç–µ–ª–∏
2020-06-05;332337143;/pidor_stat
2020-06-05;332337143;/help
2020-06-05;332337143;/pussy
2020-06-05;-1001293347227;—Å—Ç–∞—Ç–∏—Å—Ç–∏–∫–∞ 1 –ø–æ–ª—å–∑–æ–≤–∞—Ç–µ–ª–∏
2020-06-05;503174223;—Å—Ç–∞—Ç–∏—Å—Ç–∏–∫–∞ 1 –∫–æ–º–∞–Ω–¥—ã
2020-06-05;-1001293347227;—Å—Ç–∞—Ç–∏—Å—Ç–∏–∫–∞ 1 –ø–æ–ª—å–∑–æ–≤–∞—Ç–µ–ª–∏ —Ç—Ö—Ç
2020-06-05;503174223;/pussy
2020-06-05;503174223;/help
2020-06-05;503174223;/pidor_stat
2020-06-05;503174223;—Å—Ç–∞—Ç–∏—Å—Ç–∏–∫–∞ 1 –ø–æ–ª—å–∑–æ–≤–∞—Ç–µ–ª–∏
2020-06-05;-1001223671970;/pussy@pixelsetup_bot
2020-06-05;-1001223671970;–°—Ç–∞—Ç–∏—Å—Ç–∏–∫–∞ 1 –∫–æ–º–∞–Ω–¥—ã
2020-06-05;-1001223671970;/pidor_stat
2020-06-05;-1001223671970;/help
2020-06-05;-1001223671970;/–∫–∏—Å–∫–∏
2020-06-05;-1001223671970;/–∫–∏—Å–∫–∏
2020-06-05;-1001293347227;/–∫–∏—Å–∫–∏
2020-06-05;-1001223671970;/–∫–∏—Å–∫–∏
2020-06-05;-1001223671970;/–∫–∏—Å–∫–∏
2020-06-05;503174223;/pussy
2020-06-06;503174223;/pussy
2020-06-06;503174223;/pussy
2020-06-06;503174223;/pussy
2020-06-06;503174223;/pussy
2020-06-06;503174223;/pussy
2020-06-06;503174223;/pussy
2020-06-06;503174223;/pussy
2020-06-06;503174223;—Å—Ç–∞—Ç–∏—Å—Ç–∏–∫–∞ 1 –ø–æ–ª—å–∑–æ–≤–∞—Ç–µ–ª–∏
2020-06-06;503174223;—Å—Ç–∞—Ç–∏—Å—Ç–∏–∫–∞ 1 –∫–æ–º–∞–Ω–¥—ã —Ç—Ö—Ç
2020-06-06;503174223;/pussy
2020-06-06;503174223;/pussy
2020-06-06;503174223;/pussy
2020-06-06;503174223;/pussy
2020-06-06;503174223;/pussy
2020-06-06;503174223;/pussy
2020-06-06;503174223;/pussy
2020-06-06;503174223;/pussy
2020-06-06;503174223;/pussy
2020-06-06;503174223;/pussy
2020-06-06;503174223;/pussy
2020-06-06;503174223;/pussy
2020-06-06;503174223;/pussy
2020-06-06;503174223;/pussy
2020-06-06;503174223;–°—Ç–∞—Ç–∏—Å—Ç–∏–∫–∞ 2 –ø–æ–ª—å–∑–æ–≤–∞—Ç–µ–ª–∏
2020-06-06;503174223;–°—Ç–∞—Ç–∏—Å—Ç–∏–∫–∞ 2 –∫–æ–º–∞–Ω–¥—ã
2020-06-06;503174223;/pussy
2020-06-06;503174223;/pidor_stat
2020-06-06;503174223;–°—Ç–∞—Ç–∏—Å—Ç–∏–∫–∞ 2 –∫–æ–º–∞–Ω–¥—ã
2020-06-06;503174223;–°—Ç–∞—Ç–∏—Å—Ç–∏–∫–∞ 2 –ø–æ–ª—å–∑–æ–≤–∞—Ç–µ–ª–∏
2020-06-06;621270503;–°—Ç–∞—Ç–∏—Å—Ç–∏–∫–∞ 2 –ø–æ–ª—å–∑–æ–≤–∞—Ç–µ–ª–∏
2020-06-06;621270503;–°—Ç–∞—Ç–∏—Å—Ç–∏–∫–∞ 2 –∫–æ–º–∞–Ω–¥—ã
2020-06-06;621270503;/pussy
2020-06-06;621270503;/pidor_stat
2020-06-06;621270503;/help
2020-06-06;621270503;–°—Ç–∞—Ç–∏—Å—Ç–∏–∫–∞ 2 –ø–æ–ª—å–∑–æ–≤–∞—Ç–µ–ª–∏
2020-06-06;621270503;–°—Ç–∞—Ç–∏—Å—Ç–∏–∫–∞ 2 –∫–æ–º–∞–Ω–¥—ã
2020-06-06;621270503;/pussy
2020-06-06;621270503;/pidor_stat
2020-06-06;621270503;/help
2020-06-06;621270503;–°—Ç–∞—Ç–∏—Å—Ç–∏–∫–∞ 1 –ø–æ–ª—å–∑–æ–≤–∞—Ç–µ–ª–∏
2020-06-06;621270503;–°—Ç–∞—Ç–∏—Å—Ç–∏–∫–∞ 1 –∫–æ–º–∞–Ω–¥—ã
2020-06-06;621270503;/pussy
2020-06-06;621270503;/pidor_stat
2020-06-06;621270503;/help
2020-06-06;621270503;–°—Ç–∞—Ç–∏—Å—Ç–∏–∫–∞ 1 –ø–æ–ª—å–∑–æ–≤–∞—Ç–µ–ª–∏ –∫–æ–º–∞–Ω–¥—ã
2020-06-06;503174223;–∫–∏—Å–∫–∏
2020-06-06;503174223;/pussy
2020-06-06;503174223;/pidor_stat
2020-06-06;503174223;/help
2020-06-06;503174223;–°—Ç–∞—Ç–∏—Å—Ç–∏–∫–∞ 1 –ø–æ–ª—å–∑–æ–≤–∞—Ç–µ–ª–∏ –∫–æ–º–∞–Ω–¥—ã
2020-06-06;503174223;–°—Ç–∞—Ç–∏—Å—Ç–∏–∫–∞ 1 –ø–æ–ª—å–∑–æ–≤–∞—Ç–µ–ª–∏
2020-06-06;503174223;–°—Ç–∞—Ç–∏—Å—Ç–∏–∫–∞ 1 –∫–æ–º–∞–Ω–¥—ã
2020-06-06;-1001293347227;/pussy@pixelsetup_bot
2020-06-09;503174223;/pussy
2020-06-09;503174223;/pussy
2020-06-09;503174223;/pussy
2020-06-09;503174223;/pidor_stat
2020-06-09;503174223;/help
2020-06-09;503174223;–°—Ç–∞—Ç–∏—Å—Ç–∏–∫–∞ 1 –ø–æ–ª—å–∑–æ–≤–∞—Ç–µ–ª–∏
2020-06-09;503174223;–°—Ç–∞—Ç–∏—Å—Ç–∏–∫–∞ 1 –∫–æ–º–∞–Ω–¥—ã
2020-06-09;503174223;üêàpussy
2020-06-09;503174223;üè≥Ô∏è‚Äçüåàpidor_stat
2020-06-09;503174223;üÜò–ü–æ–º–æ—â—å
2020-06-09;503174223;–°—Ç–∞—Ç–∏—Å—Ç–∏–∫–∞ 1 –ø–æ–ª—å–∑–æ–≤–∞—Ç–µ–ª–∏
2020-06-09;503174223;–°—Ç–∞—Ç–∏—Å—Ç–∏–∫–∞ 1 –∫–æ–º–∞–Ω–¥—ã
2020-06-09;503174223;–°—Ç–∞—Ç–∏—Å—Ç–∏–∫–∞ 1 –ø–æ–ª—å–∑–æ–≤–∞—Ç–µ–ª–∏ –∫–æ–º–∞–Ω–¥—ã
2020-06-09;503174223;üêàpussy
2020-06-09;503174223;üêàpussy
2020-06-09;503174223;üè≥Ô∏è‚Äçüåàpidor_stat
2020-06-09;503174223;üè≥Ô∏è‚Äçüåàpidor_stat
2020-06-09;503174223;üÜò–ü–æ–º–æ—â—å
2020-06-09;503174223;–°—Ç–∞—Ç–∏—Å—Ç–∏–∫–∞ 1 –ø–æ–ª—å–∑–æ–≤–∞—Ç–µ–ª–∏
2020-06-09;503174223;–°—Ç–∞—Ç–∏—Å—Ç–∏–∫–∞ 1 –∫–æ–º–∞–Ω–¥—ã
2020-06-09;503174223;–°—Ç–∞—Ç–∏—Å—Ç–∏–∫–∞ 1 –ø–æ–ª—å–∑–æ–≤–∞—Ç–µ–ª–∏ –∫–æ–º–∞–Ω–¥—ã
2020-06-09;503174223;/help
2020-06-09;503174223;/pidor_stat
2020-06-09;503174223;/pussy
2020-06-09;503174223;/pussy@pixelsetup_bot
2020-06-09;503174223;/help@pixelsetup_bot
2020-06-09;503174223;/pidor_stat@pixelsetup_bot
2020-06-09;503174223;/–∫–∏—Å–∫–∏
2020-06-09;503174223;/–ø–æ–º–æ—â—å
2020-06-09;503174223;üêàpussy
2020-06-09;503174223;üè≥Ô∏è‚Äçüåàpidor_stat
2020-06-09;503174223;–°—Ç–∞—Ç–∏—Å—Ç–∏–∫–∞ 1 –∫–æ–º–∞–Ω–¥—ã
2020-06-09;503174223;üÜò–ü–æ–º–æ—â—å
2020-06-09;-1001293347227;/pussy@pixelsetup_bot
2020-06-09;-1001293347227;/pussy@pixelsetup_bot
2020-06-09;-1001293347227;/pussy@pixelsetup_bot
2020-06-10;-1001293347227;/pussy@pixelsetup_bot
2020-06-10;-1001293347227;/pussy@pixelsetup_bot
2020-06-10;-1001293347227;/pussy@pixelsetup_bot
2020-06-10;-1001293347227;/pussy@pixelsetup_bot
2020-06-10;-1001293347227;/pussy@pixelsetup_bot
2020-06-10;-1001293347227;/pussy@pixelsetup_bot
2020-06-10;-1001293347227;/pussy@pixelsetup_bot
